Sample,Pitch,Harmonic Rate
0,0.000000,0.823244
1,0.000000,0.615081
2,0.000000,0.392471
3,0.000000,0.190020
4,0.000000,0.126541
5,54.114994,0.031682
6,54.114994,0.057387
7,0.000000,0.243227
8,0.000000,0.559596
9,0.000000,0.564825
10,0.000000,0.821563
11,0.000000,0.564532
12,0.000000,0.190222
13,0.000000,0.393026
14,0.000000,0.724820
15,0.000000,0.295375
16,0.000000,0.573427
17,0.000000,0.394844
18,0.000000,0.336926
19,0.000000,0.551460
20,0.000000,0.175027
21,0.000000,0.451433
22,0.000000,0.947944
23,0.000000,0.407901
24,58.041111,0.088419
25,59.925095,0.048358
26,0.000000,0.214992
27,54.114994,0.097214
28,0.000000,0.100927
29,0.000000,0.110155
30,0.000000,0.140760
31,0.000000,0.380615
32,0.000000,0.576173
33,0.000000,0.638581
34,0.000000,0.434744
35,0.000000,0.697130
36,0.000000,0.777581
37,0.000000,0.717406
38,0.000000,0.859663
39,0.000000,0.286872
40,0.000000,0.298462
41,67.039108,0.096826
42,0.000000,0.117345
43,74.074074,0.081007
44,0.000000,0.266339
45,0.000000,0.184590
46,0.000000,0.700196
47,0.000000,0.845423
48,0.000000,0.690217
49,0.000000,0.156769
50,0.000000,0.468282
51,0.000000,0.786535
52,0.000000,0.518595
53,0.000000,0.339733
54,54.114994,0.065176
55,54.114994,0.058600
56,0.000000,0.150313
57,54.114994,0.031759
58,0.000000,0.530301
59,0.000000,0.766825
60,0.000000,0.505563
61,0.000000,0.201160
62,57.210964,0.089852
63,0.000000,0.190532
64,0.000000,0.512238
65,0.000000,0.921461
66,0.000000,0.888288
67,0.000000,0.571416
68,0.000000,0.525312
69,0.000000,0.520272
70,0.000000,0.261119
71,0.000000,0.112152
72,0.000000,0.101973
73,0.000000,0.466309
74,0.000000,1.000000
75,0.000000,0.927980
76,0.000000,0.993264
77,0.000000,0.125847
78,0.000000,0.198311
79,0.000000,0.647976
80,0.000000,0.356757
81,0.000000,0.500091
82,0.000000,0.306145
83,0.000000,0.159422
84,0.000000,0.858835
85,0.000000,0.550935
86,55.109070,0.075374
87,0.000000,0.116408
88,0.000000,0.203283
89,0.000000,0.230881
90,0.000000,0.146301
91,54.176071,0.060297
92,61.302681,0.091058
93,54.114994,0.033052
94,0.000000,0.137311
95,0.000000,0.463199
96,0.000000,0.378100
97,0.000000,0.377936
98,0.000000,0.375150
99,0.000000,0.450815
100,0.000000,0.459284
101,0.000000,0.237990
102,0.000000,0.250204
103,0.000000,0.258249
104,0.000000,0.187645
105,0.000000,0.269782
106,54.114994,0.065318
107,61.538460,0.088147
108,0.000000,0.100530
109,0.000000,0.247027
110,0.000000,0.316015
111,0.000000,0.268945
112,0.000000,0.571798
113,0.000000,0.636976
114,0.000000,0.717077
115,0.000000,0.595731
116,0.000000,0.520363
117,0.000000,0.598239
118,0.000000,0.704108
119,0.000000,0.428506
120,0.000000,0.406180
121,0.000000,0.637638
122,0.000000,0.680207
123,0.000000,0.345592
124,0.000000,0.143861
125,0.000000,0.137467
126,0.000000,0.109251
127,90.737244,0.039376
128,90.909088,0.041319
129,90.737244,0.059132
130,88.724586,0.069823
131,89.053802,0.083342
132,88.560883,0.056601
133,88.888885,0.044670
134,88.235291,0.087672
135,64.864868,0.082747
136,54.114994,0.026378
137,0.000000,0.411074
138,0.000000,1.000000
139,0.000000,0.832581
140,0.000000,0.255360
141,0.000000,0.516315
142,0.000000,0.162282
143,0.000000,0.165941
144,0.000000,0.118109
145,0.000000,0.169723
146,0.000000,0.334181
147,0.000000,0.300967
148,0.000000,0.213792
149,54.114994,0.094703
150,59.332508,0.008454
151,56.338028,0.013375
152,61.459667,0.094380
153,61.538460,0.045936
154,55.684456,0.040028
155,0.000000,0.521013
156,0.000000,0.249278
157,54.237289,0.034687
158,0.000000,0.263374
159,0.000000,0.233349
160,61.146496,0.079687
161,63.492062,0.017276
162,71.216614,0.063202
163,0.000000,0.136497
164,0.000000,0.132306
165,0.000000,0.756361
166,0.000000,1.000000
167,0.000000,0.635243
168,0.000000,0.846110
169,0.000000,0.927336
170,0.000000,0.426219
171,0.000000,0.520225
172,0.000000,0.346232
173,0.000000,0.237437
174,0.000000,0.498903
175,0.000000,0.761587
176,0.000000,0.669999
177,0.000000,0.703491
178,0.000000,0.615029
179,0.000000,0.733061
180,0.000000,0.727151
181,0.000000,1.000000
182,0.000000,1.000000
183,0.000000,1.000000
184,0.000000,0.485857
185,54.114994,0.092094
186,0.000000,0.364564
187,0.000000,0.459372
188,0.000000,0.238957
189,0.000000,0.431570
190,0.000000,0.512156
191,54.114994,0.032252
192,54.114994,0.026388
193,78.303429,0.082498
194,0.000000,0.189225
195,0.000000,0.230134
196,0.000000,0.799649
197,0.000000,0.397752
198,0.000000,0.101909
199,0.000000,0.132883
200,59.553349,0.065469
201,0.000000,0.158104
202,0.000000,0.934834
203,0.000000,1.000000
204,0.000000,1.000000
205,0.000000,0.940082
206,0.000000,0.810370
207,0.000000,0.257048
208,0.000000,0.100196
209,54.114994,0.044855
210,55.172413,0.014815
211,0.000000,0.275866
212,54.114994,0.095904
213,54.114994,0.036034
214,0.000000,0.142854
215,54.114994,0.055161
216,54.114994,0.024323
217,0.000000,0.357823
218,0.000000,0.215448
219,0.000000,0.202694
220,0.000000,0.256706
221,0.000000,0.348198
222,0.000000,0.116194
223,0.000000,0.175165
224,61.696659,0.074424
225,0.000000,0.176059
226,0.000000,0.151250
227,0.000000,0.143490
228,54.114994,0.059641
229,0.000000,0.313116
230,0.000000,0.204816
231,0.000000,0.707440
232,0.000000,1.000000
233,0.000000,0.435138
234,0.000000,0.705484
235,54.114994,0.076211
236,0.000000,0.234580
237,0.000000,0.580811
238,0.000000,0.200555
239,0.000000,0.459275
240,0.000000,0.496546
241,0.000000,0.608198
242,0.000000,0.295670
243,0.000000,0.315774
244,0.000000,0.331742
245,0.000000,0.311946
246,0.000000,0.414296
247,0.000000,0.488764
248,0.000000,0.466150
249,0.000000,0.280436
250,0.000000,0.150295
251,0.000000,0.125043
252,60.150375,0.084241
253,0.000000,0.427075
254,0.000000,0.613034
255,0.000000,0.408855
256,0.000000,0.419240
257,54.114994,0.020044
258,57.142857,0.038181
259,57.553955,0.061137
260,54.114994,0.098765
261,0.000000,0.293739
262,0.000000,0.236687
263,0.000000,0.465672
264,0.000000,0.302382
265,0.000000,0.324782
266,54.114994,0.058207
267,54.483540,0.075777
268,0.000000,0.187869
269,0.000000,0.281749
270,0.000000,0.558708
271,0.000000,1.000000
272,0.000000,1.000000
273,0.000000,0.587552
274,0.000000,0.461465
275,0.000000,0.543629
276,0.000000,0.581359
277,0.000000,0.554276
278,0.000000,0.140458
279,0.000000,0.329492
280,60.075092,0.092824
281,0.000000,0.303711
282,0.000000,0.251687
283,54.114994,0.088104
284,0.000000,0.281648
285,0.000000,0.472084
286,54.114994,0.098687
287,0.000000,0.151801
288,0.000000,0.201952
289,0.000000,0.164482
290,0.000000,0.538274
291,0.000000,0.464479
292,54.114994,0.068558
293,61.617458,0.025883
294,62.745098,0.016429
295,61.855671,0.072238
296,62.992126,0.078054
297,0.000000,0.121937
298,0.000000,0.151748
299,54.114994,0.015962
300,66.298340,0.020796
301,62.337662,0.065582
302,0.000000,0.165642
303,0.000000,0.230357
304,0.000000,0.249763
305,0.000000,0.313361
306,54.794521,0.068529
307,0.000000,0.125017
308,0.000000,0.110703
309,0.000000,0.819294
310,0.000000,0.379788
311,0.000000,0.155921
312,0.000000,0.282424
313,0.000000,0.229212
314,0.000000,0.383152
315,0.000000,0.178083
316,60.150375,0.094280
317,0.000000,0.406526
318,0.000000,0.234143
319,0.000000,0.504679
320,0.000000,0.772821
321,0.000000,0.350661
322,0.000000,0.163082
323,0.000000,0.136811
324,0.000000,0.127914
325,54.114994,0.035787
326,0.000000,0.260289
327,0.000000,0.140174
328,54.114994,0.071159
329,0.000000,0.441969
330,0.000000,0.596808
331,0.000000,0.943709
332,0.000000,1.000000
333,0.000000,0.797159
334,54.114994,0.084839
335,0.000000,0.435208
336,0.000000,0.241293
337,0.000000,0.147203
338,0.000000,0.154522
339,146.341461,0.072031
340,146.341461,0.014867
341,147.692307,0.000034
342,147.692307,0.000072
343,147.692307,0.000125
344,147.692307,0.000125
345,147.692307,0.000119
346,147.692307,0.000175
347,147.692307,0.000226
348,147.692307,0.000241
349,147.692307,0.000265
350,147.692307,0.000284
351,147.692307,0.000409
352,147.692307,0.000504
353,147.692307,0.000436
354,147.692307,0.000408
355,147.692307,0.000357
356,147.692307,0.000281
357,147.692307,0.000192
358,147.692307,0.000202
359,147.692307,0.000224
360,147.692307,0.000199
361,147.692307,0.000214
362,147.692307,0.000205
363,147.692307,0.000208
364,147.692307,0.000132
365,147.692307,0.000095
366,147.692307,0.000133
367,147.692307,0.000103
368,147.692307,0.000079
369,147.692307,0.000090
370,147.692307,0.000107
371,147.692307,0.000149
372,147.692307,0.000171
373,147.692307,0.000202
374,147.692307,0.000278
375,147.692307,0.000301
376,147.692307,0.000288
377,147.692307,0.000291
378,147.692307,0.000272
379,147.692307,0.000236
380,147.692307,0.000290
381,147.692307,0.000365
382,147.692307,0.000351
383,147.692307,0.000339
384,147.692307,0.000369
385,147.692307,0.000389
386,147.692307,0.000355
387,147.692307,0.000228
388,147.692307,0.000202
389,147.692307,0.000187
390,147.692307,0.000093
391,147.692307,0.000090
392,147.692307,0.000066
393,147.692307,0.000074
394,147.692307,0.000104
395,147.692307,0.000095
396,147.692307,0.000089
397,147.692307,0.000118
398,147.692307,0.000150
399,147.692307,0.000156
400,147.692307,0.000160
401,147.692307,0.000161
402,147.692307,0.000193
403,147.692307,0.000275
404,147.692307,0.000306
405,147.692307,0.000326
406,147.692307,0.000332
407,147.692307,0.000354
408,147.692307,0.000356
409,147.692307,0.000304
410,147.692307,0.000268
411,147.692307,0.000255
412,147.692307,0.000229
413,147.692307,0.000215
414,147.692307,0.000265
415,147.692307,0.000206
416,147.692307,0.000186
417,147.692307,0.000197
418,147.692307,0.000131
419,147.692307,0.000160
420,147.692307,0.000135
421,147.692307,0.000144
422,147.692307,0.000141
423,147.692307,0.000209
424,147.692307,0.000236
425,147.692307,0.000236
426,147.692307,0.000237
427,148.148148,0.032849
428,149.068329,0.056433
429,0.000000,0.141736
430,54.114994,0.088486
431,0.000000,0.175643
432,0.000000,0.105641
433,0.000000,0.166717
434,54.114994,0.057462
435,0.000000,0.128471
436,0.000000,0.189223
437,54.114994,0.045535
438,0.000000,0.382692
439,54.545456,0.024846
440,0.000000,0.671388
441,0.000000,0.413242
442,0.000000,0.213171
443,0.000000,0.304584
444,0.000000,0.580489
445,0.000000,1.000000
446,0.000000,0.690616
447,0.000000,0.478720
448,0.000000,0.380220
449,54.857143,0.085896
450,0.000000,0.214997
451,54.114994,0.067714
452,166.666672,0.058811
453,166.089966,0.001504
454,166.089966,0.001367
455,166.089966,0.001287
456,166.089966,0.001202
457,166.089966,0.001106
458,166.089966,0.001146
459,166.089966,0.001345
460,166.089966,0.001376
461,166.089966,0.001412
462,166.089966,0.001209
463,166.089966,0.001282
464,166.089966,0.001490
465,166.089966,0.001291
466,166.089966,0.001181
467,166.089966,0.001154
468,166.089966,0.001259
469,166.089966,0.001204
470,166.089966,0.001192
471,166.089966,0.001165
472,166.089966,0.001008
473,166.089966,0.001470
474,166.089966,0.001244
475,166.089966,0.001240
476,166.089966,0.001268
477,166.089966,0.001294
478,166.666672,0.001562
479,166.089966,0.001274
480,166.089966,0.001341
481,166.089966,0.001135
482,166.089966,0.001677
483,166.089966,0.001455
484,166.666672,0.001381
485,166.089966,0.001580
486,166.089966,0.001411
487,166.666672,0.001948
488,166.666672,0.001429
489,166.666672,0.001490
490,166.666672,0.001385
491,166.666672,0.001591
492,166.089966,0.001553
493,166.666672,0.001237
494,166.666672,0.001553
495,166.089966,0.001294
496,166.666672,0.001926
497,166.666672,0.001421
498,166.666672,0.001490
499,166.666672,0.001709
500,166.666672,0.001690
501,166.666672,0.002096
502,166.666672,0.001413
503,166.666672,0.001952
504,166.089966,0.001618
505,166.666672,0.001969
506,166.666672,0.001588
507,166.666672,0.001443
508,166.666672,0.001700
509,166.666672,0.001265
510,166.666672,0.001574
511,166.666672,0.001017
512,166.089966,0.001338
513,166.089966,0.001389
514,166.089966,0.001536
515,166.666672,0.001878
516,166.089966,0.001747
517,166.089966,0.001931
518,166.666672,0.001775
519,166.666672,0.001887
520,166.089966,0.001898
521,166.089966,0.002483
522,166.089966,0.002153
523,166.666672,0.002303
524,166.089966,0.004471
525,166.089966,0.009925
526,167.832169,0.030347
527,167.832169,0.044106
528,167.832169,0.077466
529,57.485031,0.064257
530,55.878929,0.057537
531,0.000000,0.256328
532,56.271980,0.047116
533,0.000000,0.391424
534,0.000000,0.295594
535,0.000000,0.424668
536,0.000000,0.292549
537,0.000000,0.346215
538,0.000000,0.356605
539,0.000000,0.341571
540,0.000000,0.171567
541,0.000000,0.398878
542,0.000000,0.237470
543,0.000000,0.909222
544,0.000000,0.811696
545,0.000000,0.781603
546,0.000000,0.864136
547,0.000000,0.426289
548,0.000000,0.397499
549,0.000000,0.156654
550,0.000000,0.192315
551,0.000000,0.116396
552,186.046509,0.092966
553,186.770432,0.047654
554,186.046509,0.002079
555,186.046509,0.002041
556,185.328186,0.001840
557,185.328186,0.001743
558,185.328186,0.001466
559,185.328186,0.001397
560,185.328186,0.000854
561,185.328186,0.000770
562,185.328186,0.000655
563,185.328186,0.000625
564,185.328186,0.000706
565,185.328186,0.000778
566,185.328186,0.000721
567,185.328186,0.000649
568,185.328186,0.000832
569,185.328186,0.000824
570,185.328186,0.000738
571,185.328186,0.000619
572,185.328186,0.000673
573,185.328186,0.000673
574,185.328186,0.000447
575,185.328186,0.000387
576,185.328186,0.000366
577,185.328186,0.000425
578,185.328186,0.000390
579,185.328186,0.000436
580,185.328186,0.000429
581,185.328186,0.000395
582,185.328186,0.000543
583,185.328186,0.000566
584,185.328186,0.000553
585,185.328186,0.000462
586,185.328186,0.000566
587,185.328186,0.000574
588,185.328186,0.000488
589,185.328186,0.000395
590,185.328186,0.000404
591,185.328186,0.000459
592,185.328186,0.000385
593,185.328186,0.000384
594,185.328186,0.000361
595,185.328186,0.000323
596,185.328186,0.000433
597,185.328186,0.000416
598,185.328186,0.000431
599,185.328186,0.000376
600,185.328186,0.000442
601,185.328186,0.000468
602,185.328186,0.000384
603,185.328186,0.000334
604,185.328186,0.000327
605,185.328186,0.000392
606,185.328186,0.000327
607,185.328186,0.000338
608,185.328186,0.000312
609,185.328186,0.000295
610,185.328186,0.000338
611,185.328186,0.000315
612,185.328186,0.000339
613,185.328186,0.000283
614,185.328186,0.000322
615,185.328186,0.000373
616,185.328186,0.000332
617,185.328186,0.000286
618,185.328186,0.000261
619,185.328186,0.000330
620,185.328186,0.000293
621,185.328186,0.000294
622,185.328186,0.000266
623,185.328186,0.000470
624,185.328186,0.000968
625,185.328186,0.001646
626,185.328186,0.001949
627,185.328186,0.002662
628,185.328186,0.004267
629,185.328186,0.017198
630,186.046509,0.030680
631,187.500000,0.073774
632,187.500000,0.091650
633,54.114994,0.056553
634,0.000000,0.180531
635,54.669704,0.094002
636,0.000000,0.214273
637,0.000000,0.141895
638,0.000000,0.290282
639,0.000000,0.190685
640,0.000000,0.187275
641,0.000000,0.175655
642,0.000000,0.229708
643,0.000000,0.676203
644,0.000000,0.180719
645,0.000000,0.310373
646,0.000000,0.119370
647,0.000000,0.167787
648,0.000000,0.107262
649,195.918365,0.055386
650,195.918365,0.036980
651,195.918365,0.000574
652,195.918365,0.000559
653,195.918365,0.000606
654,195.918365,0.000534
655,195.918365,0.000331
656,195.918365,0.000339
657,195.918365,0.000414
658,195.918365,0.000617
659,195.918365,0.000622
660,195.918365,0.000579
661,195.918365,0.000724
662,195.918365,0.000717
663,195.918365,0.000752
664,195.918365,0.000484
665,195.918365,0.000470
666,195.918365,0.000499
667,195.918365,0.000650
668,195.918365,0.000706
669,195.918365,0.000635
670,195.918365,0.000670
671,195.918365,0.000657
672,195.918365,0.000703
673,195.918365,0.000464
674,195.918365,0.000364
675,195.918365,0.000368
676,195.918365,0.000453
677,195.918365,0.000549
678,195.918365,0.000447
679,195.918365,0.000447
680,195.918365,0.000463
681,195.918365,0.000553
682,195.918365,0.000487
683,195.918365,0.000338
684,195.918365,0.000407
685,195.918365,0.000368
686,195.918365,0.000522
687,195.918365,0.000351
688,195.918365,0.000399
689,195.918365,0.000443
690,195.918365,0.000483
691,195.918365,0.000558
692,195.918365,0.000394
693,195.918365,0.000477
694,195.918365,0.000446
695,195.918365,0.000475
696,195.918365,0.000404
697,195.918365,0.000327
698,195.918365,0.000332
699,195.918365,0.000316
700,195.918365,0.000337
701,195.918365,0.000311
702,195.918365,0.000291
703,195.918365,0.000369
704,195.918365,0.000482
705,195.918365,0.000540
706,195.918365,0.000452
707,195.918365,0.000555
708,195.918365,0.000533
709,195.918365,0.000542
710,195.918365,0.000357
711,195.918365,0.000308
712,195.918365,0.000365
713,195.918365,0.000293
714,195.918365,0.000417
715,195.918365,0.000348
716,195.918365,0.000442
717,195.918365,0.000427
718,195.918365,0.000417
719,195.918365,0.000653
720,195.918365,0.000977
721,196.721313,0.006888
722,196.721313,0.011260
723,198.347107,0.032341
724,199.170120,0.041794
725,200.836823,0.055891
726,204.255325,0.055652
727,206.896545,0.080699
728,213.333328,0.051013
729,216.216217,0.036213
730,218.181824,0.015830
731,220.183487,0.006579
732,220.183487,0.004511
733,220.183487,0.002219
734,220.183487,0.002451
735,220.183487,0.007398
736,220.183487,0.015887
737,221.198151,0.038038
738,221.198151,0.052921
739,222.222229,0.070479
740,0.000000,0.103901
741,0.000000,0.154622
742,0.000000,0.226542
743,0.000000,0.252050
744,0.000000,0.204979
745,0.000000,0.119681
746,0.000000,0.110701
747,0.000000,0.174345
748,0.000000,0.680115
749,0.000000,0.707955
750,0.000000,0.444689
751,0.000000,0.199558
752,0.000000,0.215101
753,0.000000,0.166807
754,0.000000,0.141845
755,221.198151,0.047104
756,221.198151,0.000573
757,220.183487,0.000515
758,220.183487,0.000442
759,220.183487,0.000392
760,220.183487,0.000355
761,220.183487,0.000409
762,220.183487,0.000415
763,220.183487,0.000417
764,220.183487,0.000397
765,220.183487,0.000395
766,220.183487,0.000373
767,220.183487,0.000332
768,220.183487,0.000291
769,220.183487,0.000269
770,220.183487,0.000277
771,220.183487,0.000282
772,220.183487,0.000318
773,220.183487,0.000339
774,220.183487,0.000328
775,220.183487,0.000343
776,220.183487,0.000339
777,220.183487,0.000341
778,220.183487,0.000356
779,220.183487,0.000308
780,220.183487,0.000319
781,220.183487,0.000266
782,220.183487,0.000282
783,220.183487,0.000297
784,220.183487,0.000276
785,220.183487,0.000277
786,220.183487,0.000302
787,220.183487,0.000316
788,220.183487,0.000332
789,220.183487,0.000322
790,220.183487,0.000327
791,220.183487,0.000292
792,220.183487,0.000238
793,220.183487,0.000239
794,220.183487,0.000225
795,220.183487,0.000222
796,220.183487,0.000219
797,220.183487,0.000237
798,220.183487,0.000238
799,220.183487,0.000245
800,220.183487,0.000269
801,220.183487,0.000251
802,220.183487,0.000250
803,220.183487,0.000232
804,220.183487,0.000228
805,220.183487,0.000212
806,220.183487,0.000193
807,220.183487,0.000194
808,220.183487,0.000193
809,220.183487,0.000187
810,220.183487,0.000227
811,220.183487,0.000225
812,220.183487,0.000247
813,220.183487,0.000240
814,220.183487,0.000390
815,220.183487,0.001156
816,221.198151,0.003247
817,220.183487,0.004121
818,220.183487,0.006010
819,220.183487,0.007085
820,220.183487,0.011345
821,219.178085,0.017034
822,218.181824,0.015601
823,218.181824,0.034304
824,217.194565,0.041079
825,216.216217,0.060004
826,214.285721,0.072102
827,0.000000,0.103111
828,0.000000,0.136254
829,0.000000,0.164767
830,0.000000,0.209167
831,0.000000,0.214968
832,0.000000,0.305063
833,0.000000,0.306158
834,0.000000,0.286360
835,0.000000,0.349509
836,0.000000,0.444972
837,0.000000,0.398153
838,0.000000,0.458366
839,0.000000,0.139543
840,0.000000,0.207196
841,0.000000,0.106237
842,0.000000,0.127606
843,196.721313,0.053826
844,195.918365,0.001627
845,195.918365,0.001513
846,195.918365,0.001377
847,195.918365,0.001516
848,195.918365,0.001332
849,195.918365,0.001177
850,196.721313,0.001411
851,196.721313,0.001329
852,195.918365,0.002337
853,195.918365,0.002420
854,195.918365,0.002554
855,195.918365,0.002387
856,195.918365,0.001936
857,195.918365,0.001793
858,195.918365,0.001114
859,196.721313,0.000968
860,196.721313,0.001337
861,195.918365,0.001516
862,195.918365,0.001843
863,196.721313,0.001776
864,195.918365,0.002033
865,195.918365,0.001977
866,195.918365,0.002188
867,195.918365,0.002488
868,195.918365,0.002243
869,195.918365,0.002119
870,195.918365,0.001759
871,196.721313,0.001564
872,196.721313,0.001142
873,196.721313,0.000772
874,195.918365,0.001317
875,195.918365,0.002209
876,195.918365,0.002400
877,195.918365,0.002900
878,195.918365,0.002543
879,195.918365,0.002859
880,196.721313,0.002484
881,196.721313,0.002036
882,196.721313,0.001523
883,196.721313,0.001383
884,195.918365,0.001487
885,195.918365,0.001413
886,196.721313,0.001318
887,195.918365,0.001493
888,195.918365,0.001680
889,196.721313,0.003191
890,196.721313,0.002872
891,196.721313,0.003256
892,196.721313,0.003101
893,196.721313,0.002809
894,196.721313,0.002399
895,196.721313,0.000893
896,196.721313,0.001076
897,195.918365,0.001027
898,196.721313,0.001415
899,196.721313,0.001664
900,196.721313,0.001867
901,195.918365,0.002441
902,196.721313,0.002592
903,196.721313,0.004621
904,196.721313,0.006681
905,195.918365,0.008259
906,196.721313,0.009846
907,195.918365,0.013659
908,195.121948,0.015933
909,194.331985,0.015810
910,193.548386,0.017209
911,192.000000,0.023062
912,192.000000,0.021686
913,190.476196,0.031060
914,190.476196,0.033743
915,188.235291,0.048102
916,188.235291,0.054482
917,188.235291,0.077492
918,0.000000,0.103596
919,0.000000,0.125980
920,0.000000,0.183282
921,0.000000,0.232199
922,0.000000,0.329522
923,0.000000,0.201644
924,0.000000,0.388461
925,0.000000,0.115493
926,0.000000,0.121700
927,0.000000,0.112935
928,59.040592,0.057147
929,54.360134,0.071777
930,0.000000,0.706873
931,0.000000,0.734309
932,0.000000,1.000000
933,0.000000,0.763254
934,0.000000,0.433930
935,0.000000,0.346788
936,0.000000,0.150138
937,0.000000,0.189764
938,55.684456,0.076017
939,186.046509,0.057812
940,184.615387,0.010765
941,185.328186,0.000436
942,185.328186,0.000498
943,185.328186,0.000441
944,185.328186,0.000461
945,185.328186,0.000399
946,185.328186,0.000351
947,185.328186,0.000303
948,185.328186,0.000236
949,185.328186,0.000227
950,185.328186,0.000199
951,185.328186,0.000205
952,185.328186,0.000204
953,185.328186,0.000286
954,185.328186,0.000304
955,185.328186,0.000328
956,185.328186,0.000355
957,185.328186,0.000402
958,185.328186,0.000412
959,185.328186,0.000335
960,185.328186,0.000311
961,185.328186,0.000309
962,185.328186,0.000260
963,185.328186,0.000203
964,185.328186,0.000175
965,185.328186,0.000159
966,185.328186,0.000173
967,185.328186,0.000217
968,185.328186,0.000225
969,185.328186,0.000254
970,185.328186,0.000289
971,185.328186,0.000347
972,185.328186,0.000331
973,185.328186,0.000293
974,185.328186,0.000281
975,185.328186,0.000309
976,185.328186,0.000293
977,185.328186,0.000242
978,185.328186,0.000223
979,185.328186,0.000220
980,185.328186,0.000211
981,185.328186,0.000199
982,185.328186,0.000173
983,185.328186,0.000188
984,185.328186,0.000204
985,185.328186,0.000232
986,185.328186,0.000242
987,185.328186,0.000229
988,185.328186,0.000236
989,185.328186,0.000279
990,185.328186,0.000295
991,185.328186,0.000261
992,185.328186,0.000254
993,185.328186,0.000261
994,185.328186,0.000263
995,185.328186,0.000211
996,185.328186,0.000208
997,185.328186,0.000227
998,185.328186,0.000538
999,185.328186,0.002606
1000,185.328186,0.003608
1001,185.328186,0.004176
1002,185.328186,0.005964
1003,185.328186,0.006233
1004,185.328186,0.006270
1005,184.615387,0.007292
1006,185.328186,0.010281
1007,185.328186,0.011697
1008,185.328186,0.010935
1009,185.328186,0.012357
1010,186.046509,0.014249
1011,186.046509,0.015036
1012,186.046509,0.014621
1013,186.046509,0.022964
1014,186.046509,0.028678
1015,186.046509,0.039499
1016,186.046509,0.044782
1017,186.046509,0.053588
1018,186.046509,0.056891
1019,186.770432,0.054525
1020,186.770432,0.051466
1021,0.000000,0.219181
1022,0.000000,0.347065
1023,0.000000,0.410277
1024,0.000000,0.342848
1025,0.000000,0.136821
1026,0.000000,0.193650
1027,54.114994,0.049493
1028,167.247391,0.053080
1029,167.247391,0.003637
1030,166.666672,0.004541
1031,166.666672,0.004472
1032,166.089966,0.004433
1033,166.089966,0.004473
1034,166.089966,0.005165
1035,166.089966,0.003798
1036,166.089966,0.003367
1037,166.089966,0.002878
1038,166.089966,0.002557
1039,166.089966,0.001525
1040,166.089966,0.001087
1041,166.089966,0.000865
1042,166.089966,0.000723
1043,166.089966,0.000646
1044,166.089966,0.000635
1045,166.089966,0.000652
1046,166.089966,0.000619
1047,166.089966,0.000818
1048,166.089966,0.000670
1049,166.089966,0.000628
1050,166.089966,0.000666
1051,166.089966,0.000821
1052,166.089966,0.000933
1053,166.089966,0.000802
1054,166.089966,0.000869
1055,166.089966,0.000860
1056,166.089966,0.001090
1057,166.089966,0.000754
1058,166.089966,0.000690
1059,166.089966,0.000776
1060,166.089966,0.000702
1061,166.089966,0.000802
1062,166.089966,0.000601
1063,166.089966,0.000648
1064,166.089966,0.000756
1065,166.089966,0.000933
1066,166.089966,0.000758
1067,166.089966,0.000733
1068,166.089966,0.000821
1069,166.089966,0.000810
1070,166.089966,0.000944
1071,166.089966,0.000686
1072,166.089966,0.000725
1073,166.089966,0.000883
1074,166.089966,0.000921
1075,166.089966,0.000846
1076,166.089966,0.000686
1077,166.089966,0.000778
1078,166.089966,0.000825
1079,166.089966,0.000796
1080,166.089966,0.000595
1081,166.089966,0.000635
1082,166.089966,0.000776
1083,166.089966,0.000743
1084,166.089966,0.000772
1085,166.089966,0.000630
1086,166.089966,0.000717
1087,166.089966,0.000854
1088,166.089966,0.000824
1089,166.089966,0.000729
1090,166.089966,0.000739
1091,166.089966,0.000829
1092,166.089966,0.000753
1093,166.089966,0.000759
1094,166.089966,0.000703
1095,166.089966,0.000721
1096,166.089966,0.001609
1097,166.666672,0.017443
1098,167.832169,0.029152
1099,169.014084,0.036319
1100,171.428574,0.085495
1101,172.661865,0.096331
1102,0.000000,0.101956
1103,176.470581,0.092449
1104,54.114994,0.081370
1105,0.000000,0.167808
1106,54.421768,0.056945
1107,0.000000,0.210035
1108,0.000000,0.158927
1109,0.000000,0.270853
1110,0.000000,0.151809
1111,75.709778,0.089982
1112,76.311607,0.074383
1113,0.000000,0.107159
1114,0.000000,0.270664
1115,0.000000,0.189120
1116,0.000000,0.292662
1117,0.000000,0.218005
1118,0.000000,0.642445
1119,0.000000,0.579815
1120,0.000000,0.138342
1121,0.000000,0.398398
1122,0.000000,0.121030
1123,0.000000,0.216599
1124,0.000000,0.118790
1125,149.068329,0.071414
1126,148.606812,0.002448
1127,148.606812,0.001997
1128,148.606812,0.001728
1129,148.606812,0.001371
1130,148.606812,0.001516
1131,148.148148,0.001584
1132,148.148148,0.001428
1133,148.148148,0.001349
1134,148.148148,0.001120
1135,148.148148,0.001222
1136,148.148148,0.001426
1137,148.148148,0.001647
1138,148.606812,0.001538
1139,148.148148,0.001674
1140,148.148148,0.002058
1141,148.148148,0.001581
1142,148.148148,0.001322
1143,148.148148,0.001332
1144,148.148148,0.001077
1145,148.148148,0.001079
1146,148.148148,0.000769
1147,148.148148,0.001031
1148,148.148148,0.000936
1149,148.148148,0.001020
1150,148.148148,0.001151
1151,148.148148,0.000858
1152,148.148148,0.000835
1153,148.148148,0.000987
1154,148.148148,0.001032
1155,148.148148,0.000795
1156,148.148148,0.000834
1157,148.148148,0.000817
1158,148.148148,0.000870
1159,148.148148,0.001068
1160,148.606812,0.001033
1161,148.148148,0.000972
1162,148.148148,0.001214
1163,148.148148,0.001397
1164,148.148148,0.001002
1165,148.148148,0.001070
1166,148.148148,0.001024
1167,148.148148,0.000961
1168,148.148148,0.001240
1169,148.148148,0.001086
1170,148.148148,0.001444
1171,148.148148,0.001171
1172,148.148148,0.001261
1173,148.148148,0.001352
1174,148.148148,0.001102
1175,148.148148,0.000962
1176,148.148148,0.000875
1177,148.148148,0.000908
1178,148.148148,0.000720
1179,148.148148,0.000910
1180,148.148148,0.000736
1181,148.148148,0.000650
1182,148.148148,0.000944
1183,148.148148,0.000863
1184,148.148148,0.000799
1185,148.148148,0.000845
1186,148.148148,0.000964
1187,148.148148,0.000794
1188,148.148148,0.000970
1189,148.148148,0.000909
1190,148.148148,0.000837
1191,148.148148,0.001091
1192,148.148148,0.001245
1193,148.148148,0.001306
1194,148.148148,0.001076
1195,148.148148,0.001303
1196,148.148148,0.001336
1197,148.148148,0.001187
1198,148.148148,0.001230
1199,148.148148,0.001233
1200,148.148148,0.001339
1201,148.148148,0.001982
1202,148.148148,0.003496
1203,148.606812,0.006553
1204,149.068329,0.019476
1205,150.000000,0.032079
1206,150.470215,0.054021
1207,150.943390,0.091438
1208,151.898727,0.094803
1209,0.000000,0.142297
1210,57.007126,0.083321
1211,0.000000,0.221412
1212,0.000000,0.146309
1213,0.000000,0.134634
1214,0.000000,0.326088
1215,54.114994,0.059311
1216,0.000000,0.178965
1217,0.000000,0.127412
1218,54.114994,0.027758
1219,0.000000,0.214834
1220,0.000000,0.487338
1221,0.000000,0.185711
1222,0.000000,0.496324
1223,0.000000,0.264473
1224,55.878929,0.065577
1225,0.000000,0.141315
1226,0.000000,0.407817
1227,54.114994,0.094264
1228,0.000000,0.208848
1229,54.114994,0.047658
1230,183.908051,0.077321
1231,183.206100,0.069375
1232,183.908051,0.016235
1233,184.615387,0.015673
1234,183.908051,0.016035
1235,183.908051,0.019380
1236,186.046509,0.018653
1237,186.046509,0.015390
1238,186.046509,0.015763
1239,185.328186,0.017662
1240,186.770432,0.019515
1241,186.046509,0.020607
1242,183.908051,0.021478
1243,184.615387,0.021125
1244,185.328186,0.026105
1245,185.328186,0.021923
1246,184.615387,0.021853
1247,184.615387,0.019732
1248,185.328186,0.015953
1249,185.328186,0.017755
1250,183.908051,0.017861
1251,183.908051,0.017984
1252,185.328186,0.021733
1253,186.046509,0.025558
1254,186.046509,0.027947
1255,185.328186,0.033817
1256,186.046509,0.025982
1257,186.770432,0.028088
1258,184.615387,0.026217
1259,183.908051,0.021127
1260,184.615387,0.021294
1261,186.046509,0.013838
1262,185.328186,0.015395
1263,183.908051,0.016758
1264,184.615387,0.017319
1265,185.328186,0.015258
1266,184.615387,0.014194
1267,183.908051,0.017737
1268,185.328186,0.016933
1269,186.046509,0.015789
1270,186.046509,0.013878
1271,185.328186,0.014672
1272,186.046509,0.014297
1273,186.046509,0.013295
1274,185.328186,0.013237
1275,185.328186,0.007795
1276,185.328186,0.011485
1277,184.615387,0.011353
1278,184.615387,0.012988
1279,184.615387,0.011447
1280,185.328186,0.010921
1281,184.615387,0.012616
1282,183.908051,0.009316
1283,185.328186,0.010567
1284,185.328186,0.007755
1285,185.328186,0.009886
1286,185.328186,0.011273
1287,186.046509,0.010812
1288,186.046509,0.010247
1289,185.328186,0.007623
1290,186.046509,0.012314
1291,185.328186,0.012151
1292,186.770432,0.046145
1293,187.500000,0.064745
1294,189.723328,0.098480
1295,54.114994,0.083375
1296,0.000000,0.174750
1297,69.064751,0.051475
1298,54.114994,0.086625
1299,218.181824,0.042219
1300,219.178085,0.039184
1301,221.198151,0.022205
1302,221.198151,0.021677
1303,222.222229,0.033619
1304,220.183487,0.064112
1305,223.255814,0.089165
1306,0.000000,0.116476
1307,0.000000,0.153035
1308,0.000000,0.219244
1309,0.000000,0.355058
1310,0.000000,0.484413
1311,0.000000,0.159106
1312,0.000000,0.536637
1313,0.000000,0.542331
1314,0.000000,0.709575
1315,0.000000,0.843421
1316,0.000000,0.428508
1317,0.000000,0.334361
1318,0.000000,0.226575
1319,0.000000,0.152940
1320,0.000000,0.136151
1321,221.198151,0.095948
1322,221.198151,0.035766
1323,221.198151,0.000487
1324,221.198151,0.000457
1325,221.198151,0.000490
1326,221.198151,0.000458
1327,221.198151,0.000467
1328,221.198151,0.000425
1329,221.198151,0.000429
1330,220.183487,0.000420
1331,220.183487,0.000410
1332,220.183487,0.000449
1333,221.198151,0.000421
1334,220.183487,0.000420
1335,220.183487,0.000415
1336,220.183487,0.000428
1337,220.183487,0.000409
1338,220.183487,0.000367
1339,220.183487,0.000335
1340,220.183487,0.000357
1341,220.183487,0.000386
1342,220.183487,0.000372
1343,220.183487,0.000373
1344,220.183487,0.000349
1345,220.183487,0.000335
1346,220.183487,0.000364
1347,220.183487,0.000338
1348,220.183487,0.000341
1349,220.183487,0.000340
1350,220.183487,0.000326
1351,221.198151,0.000340
1352,221.198151,0.000362
1353,221.198151,0.000373
1354,221.198151,0.000312
1355,221.198151,0.000375
1356,221.198151,0.000379
1357,221.198151,0.000350
1358,221.198151,0.000379
1359,221.198151,0.000329
1360,221.198151,0.000345
1361,221.198151,0.000327
1362,221.198151,0.000245
1363,221.198151,0.000281
1364,221.198151,0.000269
1365,221.198151,0.000273
1366,221.198151,0.000290
1367,221.198151,0.000242
1368,221.198151,0.000306
1369,221.198151,0.000342
1370,221.198151,0.000335
1371,221.198151,0.000345
1372,221.198151,0.000303
1373,221.198151,0.000293
1374,221.198151,0.000323
1375,221.198151,0.000299
1376,221.198151,0.000304
1377,221.198151,0.000285
1378,221.198151,0.000284
1379,221.198151,0.000322
1380,221.198151,0.000275
1381,221.198151,0.000245
1382,221.198151,0.000237
1383,221.198151,0.000246
1384,221.198151,0.000265
1385,221.198151,0.000324
1386,221.198151,0.000434
1387,221.198151,0.001154
1388,221.198151,0.002824
1389,222.222229,0.005048
1390,222.222229,0.010509
1391,223.255814,0.018838
1392,224.299072,0.026798
1393,225.352112,0.040583
1394,225.352112,0.054524
1395,226.415100,0.069051
1396,0.000000,0.103373
1397,0.000000,0.134244
1398,0.000000,0.177140
1399,0.000000,0.188734
1400,0.000000,0.236567
1401,0.000000,0.250663
1402,0.000000,0.234355
1403,0.000000,0.278738
1404,0.000000,0.207312
1405,0.000000,0.141708
1406,0.000000,0.129961
1407,0.000000,0.285809
1408,0.000000,0.266613
1409,0.000000,0.268395
1410,0.000000,0.319646
1411,0.000000,0.256004
1412,0.000000,0.723269
1413,0.000000,0.472142
1414,0.000000,0.276482
1415,0.000000,0.203501
1416,0.000000,0.149017
1417,0.000000,0.122996
1418,54.114994,0.083386
1419,277.456635,0.037657
1420,277.456635,0.001021
1421,279.069763,0.001107
1422,279.069763,0.000888
1423,279.069763,0.000944
1424,277.456635,0.000851
1425,277.456635,0.000888
1426,279.069763,0.000656
1427,279.069763,0.000762
1428,277.456635,0.000637
1429,277.456635,0.000631
1430,277.456635,0.000561
1431,277.456635,0.000542
1432,277.456635,0.000507
1433,277.456635,0.000486
1434,277.456635,0.000430
1435,277.456635,0.000417
1436,277.456635,0.000391
1437,277.456635,0.000393
1438,277.456635,0.000349
1439,277.456635,0.000338
1440,277.456635,0.000344
1441,277.456635,0.000381
1442,277.456635,0.000377
1443,277.456635,0.000400
1444,277.456635,0.000388
1445,277.456635,0.000417
1446,277.456635,0.000589
1447,277.456635,0.000810
1448,277.456635,0.001248
1449,277.456635,0.001611
1450,277.456635,0.002038
1451,279.069763,0.002280
1452,277.456635,0.002428
1453,277.456635,0.002276
1454,277.456635,0.001864
1455,279.069763,0.001704
1456,279.069763,0.001565
1457,277.456635,0.001385
1458,279.069763,0.001230
1459,277.456635,0.001261
1460,279.069763,0.001153
1461,277.456635,0.000898
1462,279.069763,0.000971
1463,279.069763,0.001115
1464,279.069763,0.001207
1465,279.069763,0.001281
1466,279.069763,0.001189
1467,279.069763,0.001096
1468,279.069763,0.001023
1469,277.456635,0.000847
1470,279.069763,0.000399
1471,279.069763,0.000397
1472,279.069763,0.000373
1473,279.069763,0.000548
1474,279.069763,0.000537
1475,279.069763,0.000516
1476,279.069763,0.001505
1477,279.069763,0.002995
1478,279.069763,0.007263
1479,279.069763,0.008408
1480,279.069763,0.009534
1481,279.069763,0.016593
1482,279.069763,0.018322
1483,279.069763,0.016662
1484,279.069763,0.016837
1485,279.069763,0.019372
1486,279.069763,0.020007
1487,279.069763,0.021538
1488,279.069763,0.016903
1489,279.069763,0.019164
1490,279.069763,0.018999
1491,279.069763,0.016638
1492,279.069763,0.011890
1493,279.069763,0.012102
1494,279.069763,0.007364
1495,279.069763,0.004631
1496,279.069763,0.003692
1497,279.069763,0.004152
1498,279.069763,0.005332
1499,279.069763,0.008383
1500,279.069763,0.009776
1501,277.456635,0.011012
1502,277.456635,0.013043
1503,277.456635,0.017054
1504,277.456635,0.017667
1505,277.456635,0.020250
1506,279.069763,0.096604
1507,0.000000,0.384089
1508,0.000000,0.319988
1509,0.000000,0.113809
1510,0.000000,0.135878
1511,0.000000,0.154092
1512,0.000000,0.155916
1513,222.222229,0.068753
1514,221.198151,0.042812
1515,221.198151,0.040117
1516,222.222229,0.040350
1517,221.198151,0.039808
1518,222.222229,0.036539
1519,221.198151,0.036569
1520,221.198151,0.032465
1521,221.198151,0.033913
1522,221.198151,0.031591
1523,221.198151,0.030857
1524,221.198151,0.029932
1525,221.198151,0.024779
1526,221.198151,0.024259
1527,221.198151,0.019458
1528,221.198151,0.017916
1529,221.198151,0.013722
1530,221.198151,0.010594
1531,221.198151,0.008581
1532,221.198151,0.006609
1533,221.198151,0.005650
1534,221.198151,0.004674
1535,221.198151,0.003886
1536,221.198151,0.003076
1537,221.198151,0.002393
1538,221.198151,0.001949
1539,221.198151,0.001686
1540,221.198151,0.001506
1541,221.198151,0.001393
1542,221.198151,0.000979
1543,221.198151,0.000886
1544,221.198151,0.000644
1545,221.198151,0.000632
1546,221.198151,0.000579
1547,221.198151,0.000491
1548,220.183487,0.000634
1549,221.198151,0.000644
1550,221.198151,0.000589
1551,221.198151,0.000720
1552,221.198151,0.000595
1553,221.198151,0.000662
1554,221.198151,0.000617
1555,221.198151,0.000533
1556,220.183487,0.000486
1557,221.198151,0.000398
1558,221.198151,0.000440
1559,220.183487,0.000415
1560,221.198151,0.000343
1561,221.198151,0.000414
1562,221.198151,0.000531
1563,221.198151,0.000519
1564,220.183487,0.000605
1565,221.198151,0.000628
1566,221.198151,0.000585
1567,221.198151,0.000606
1568,221.198151,0.000485
1569,220.183487,0.000507
1570,221.198151,0.000500
1571,221.198151,0.000391
1572,221.198151,0.000550
1573,221.198151,0.000509
1574,221.198151,0.000568
1575,221.198151,0.000638
1576,221.198151,0.000601
1577,221.198151,0.000605
1578,221.198151,0.000568
1579,221.198151,0.000538
1580,221.198151,0.000657
1581,220.183487,0.002347
1582,221.198151,0.004488
1583,221.198151,0.005097
1584,221.198151,0.005677
1585,221.198151,0.007406
1586,221.198151,0.009886
1587,221.198151,0.009716
1588,221.198151,0.010331
1589,220.183487,0.019955
1590,220.183487,0.033019
1591,220.183487,0.051928
1592,220.183487,0.063616
1593,218.181824,0.080455
1594,0.000000,0.117021
1595,0.000000,0.160612
1596,0.000000,0.214146
1597,0.000000,0.274026
1598,0.000000,0.338950
1599,0.000000,0.664807
1600,0.000000,0.561289
1601,0.000000,0.456590
1602,0.000000,0.290284
1603,0.000000,0.200207
1604,0.000000,0.158190
1605,56.140350,0.092711
1606,185.328186,0.050370
1607,184.615387,0.004840
1608,185.328186,0.000903
1609,185.328186,0.001069
1610,185.328186,0.000919
1611,185.328186,0.001136
1612,185.328186,0.001033
1613,185.328186,0.001204
1614,185.328186,0.000969
1615,185.328186,0.000979
1616,185.328186,0.001014
1617,185.328186,0.000845
1618,185.328186,0.000921
1619,185.328186,0.000721
1620,185.328186,0.000696
1621,185.328186,0.000604
1622,185.328186,0.000794
1623,185.328186,0.000802
1624,185.328186,0.000684
1625,185.328186,0.000825
1626,185.328186,0.000829
1627,185.328186,0.000984
1628,185.328186,0.000781
1629,185.328186,0.000867
1630,185.328186,0.001020
1631,185.328186,0.000932
1632,185.328186,0.000985
1633,185.328186,0.000798
1634,185.328186,0.000825
1635,185.328186,0.000786
1636,185.328186,0.000834
1637,185.328186,0.000751
1638,185.328186,0.000648
1639,185.328186,0.000765
1640,185.328186,0.000764
1641,185.328186,0.000827
1642,185.328186,0.000673
1643,185.328186,0.000733
1644,185.328186,0.000948
1645,185.328186,0.000902
1646,185.328186,0.000900
1647,185.328186,0.000737
1648,185.328186,0.000894
1649,185.328186,0.000885
1650,185.328186,0.000893
1651,185.328186,0.000807
1652,185.328186,0.000752
1653,185.328186,0.000895
1654,185.328186,0.000804
1655,185.328186,0.000849
1656,185.328186,0.000679
1657,185.328186,0.000678
1658,185.328186,0.000881
1659,185.328186,0.000804
1660,185.328186,0.000766
1661,185.328186,0.000640
1662,185.328186,0.000834
1663,185.328186,0.000819
1664,185.328186,0.000760
1665,185.328186,0.000792
1666,185.328186,0.005046
1667,185.328186,0.034544
1668,185.328186,0.046395
1669,185.328186,0.057621
1670,185.328186,0.074960
1671,185.328186,0.083145
1672,185.328186,0.083487
1673,185.328186,0.056619
1674,184.615387,0.047738
1675,185.328186,0.035798
1676,185.328186,0.020727
1677,185.328186,0.010981
1678,185.328186,0.005392
1679,185.328186,0.005288
1680,185.328186,0.003177
1681,185.328186,0.019739
1682,185.328186,0.024075
1683,186.046509,0.051889
1684,186.770432,0.058333
1685,186.770432,0.085841
1686,187.500000,0.097622
1687,187.500000,0.081402
1688,93.203880,0.076503
1689,93.203880,0.097755
1690,0.000000,0.175647
1691,0.000000,0.432553
1692,54.114994,0.031198
1693,0.000000,0.190716
1694,0.000000,0.153778
1695,54.114994,0.071247
1696,0.000000,0.135741
1697,148.148148,0.050017
1698,147.692307,0.030848
1699,147.692307,0.028234
1700,148.148148,0.022242
1701,148.606812,0.020009
1702,148.606812,0.017694
1703,148.148148,0.014785
1704,149.068329,0.011206
1705,149.068329,0.010806
1706,148.148148,0.009245
1707,148.148148,0.007902
1708,148.148148,0.006135
1709,148.148148,0.005402
1710,148.148148,0.003411
1711,148.148148,0.002425
1712,148.148148,0.001928
1713,148.148148,0.001384
1714,148.148148,0.001012
1715,148.148148,0.001259
1716,148.148148,0.001109
1717,148.148148,0.001086
1718,148.148148,0.000888
1719,148.148148,0.000855
1720,148.148148,0.000667
1721,148.148148,0.000660
1722,148.148148,0.000608
1723,148.148148,0.000511
1724,148.148148,0.000642
1725,148.148148,0.000543
1726,148.148148,0.000550
1727,148.148148,0.000518
1728,148.148148,0.000542
1729,148.148148,0.000636
1730,148.148148,0.000526
1731,148.148148,0.000624
1732,148.148148,0.000640
1733,148.148148,0.000692
1734,148.148148,0.000598
1735,148.148148,0.000583
1736,148.148148,0.000677
1737,148.148148,0.000517
1738,148.148148,0.000627
1739,148.148148,0.000542
1740,148.148148,0.000614
1741,148.148148,0.000656
1742,148.148148,0.000639
1743,148.148148,0.000897
1744,148.148148,0.000782
1745,148.148148,0.000761
1746,148.148148,0.000771
1747,148.148148,0.000763
1748,148.148148,0.000623
1749,148.148148,0.000534
1750,148.148148,0.000562
1751,148.148148,0.000460
1752,148.148148,0.000585
1753,148.148148,0.000498
1754,148.148148,0.000472
1755,148.148148,0.000413
1756,148.148148,0.000488
1757,148.148148,0.000574
1758,148.148148,0.000423
1759,148.148148,0.000543
1760,148.148148,0.000565
1761,148.148148,0.000618
1762,148.148148,0.000543
1763,148.148148,0.000559
1764,148.148148,0.000640
1765,148.148148,0.000523
1766,148.148148,0.000724
1767,148.148148,0.000670
1768,148.148148,0.000685
1769,148.148148,0.000750
1770,148.148148,0.000622
1771,148.148148,0.000621
1772,148.148148,0.000555
1773,148.148148,0.000581
1774,148.148148,0.000606
1775,148.148148,0.000636
1776,148.148148,0.000578
1777,148.148148,0.000578
1778,148.148148,0.000553
1779,148.148148,0.000557
1780,148.148148,0.000591
1781,148.148148,0.000427
1782,148.148148,0.000537
1783,148.148148,0.000506
1784,148.148148,0.000485
1785,148.148148,0.000558
1786,148.148148,0.000474
1787,148.148148,0.000490
1788,148.148148,0.000407
1789,148.148148,0.000573
1790,148.148148,0.000550
1791,148.148148,0.000497
1792,148.148148,0.000577
1793,148.148148,0.000442
1794,148.148148,0.000571
1795,148.148148,0.000538
1796,148.148148,0.000586
1797,148.148148,0.000682
1798,148.148148,0.000684
1799,148.148148,0.000776
1800,148.148148,0.000710
1801,148.148148,0.000680
1802,148.148148,0.000684
1803,148.148148,0.000596
1804,148.148148,0.000529
1805,148.148148,0.000567
1806,148.148148,0.000532
1807,148.148148,0.000495
1808,148.148148,0.000587
1809,148.148148,0.000392
1810,148.148148,0.000382
1811,148.148148,0.000350
1812,148.148148,0.000426
1813,148.148148,0.000456
1814,148.148148,0.000349
1815,148.148148,0.000485
1816,148.148148,0.000417
1817,148.148148,0.000520
1818,148.148148,0.000534
1819,148.148148,0.000510
1820,148.148148,0.000636
1821,148.148148,0.000556
1822,148.148148,0.000702
1823,148.148148,0.000600
1824,148.148148,0.000590
1825,148.148148,0.000611
1826,148.148148,0.000440
1827,148.148148,0.000519
1828,148.148148,0.000589
1829,148.148148,0.000576
1830,148.148148,0.000600
1831,148.148148,0.000653
1832,148.148148,0.000499
1833,148.148148,0.000519
1834,148.148148,0.000515
1835,148.148148,0.000524
1836,148.148148,0.000571
1837,148.148148,0.000423
1838,148.148148,0.000528
1839,148.148148,0.000420
1840,148.148148,0.000472
1841,148.148148,0.000507
1842,148.148148,0.000370
1843,148.148148,0.000465
1844,148.148148,0.000376
1845,148.148148,0.000547
1846,148.148148,0.000475
1847,148.148148,0.000476
1848,148.148148,0.000523
1849,148.148148,0.000384
1850,148.148148,0.000731
1851,148.148148,0.000730
1852,148.148148,0.000736
1853,148.148148,0.000951
1854,148.148148,0.000925
1855,148.148148,0.000997
1856,148.148148,0.000895
1857,148.148148,0.000988
1858,148.148148,0.001054
1859,148.148148,0.000978
1860,148.148148,0.000970
1861,148.148148,0.000991
1862,148.148148,0.001051
1863,148.148148,0.001075
1864,147.692307,0.009787
1865,149.068329,0.023281
1866,149.532715,0.042946
1867,148.606812,0.062349
1868,73.282440,0.046219
1869,73.170731,0.042560
1870,0.000000,0.142294
1871,54.114994,0.098888
1872,54.114994,0.087769
1873,0.000000,0.191454
1874,0.000000,0.191454
